Metodo,Tempo Medio (ms),Spearman Sensibilità (var pesi)
VIKOR,5.164766311645508,0.9934271245982651
TOPSIS,6.612968444824219,0.9926674066773707
PROMETHEE II,10.373640060424805,0.9965699776999639
