Metodo,Tempo Medio (ms),Spearman Sensibilità (var pesi)
VIKOR,4.577159881591797,0.9934271245982651
TOPSIS,5.99064826965332,0.9926674066773707
PROMETHEE II,9.405994415283203,0.9965699776999639
