Metodo,Tempo Medio (ms),Spearman Sensibilità (var pesi)
VIKOR,5.8834075927734375,0.9934271245982651
TOPSIS,8.016347885131836,0.9926674066773707
PROMETHEE II,12.302207946777344,0.9965699776999639
